screen_name, location, created_at, description
onlyjaypee,Surrey BC,Mon Oct 05 00:35:37 +0000 2009,Filipino Adolescent at Vancouver BC. Follow my daily struggles of procrastination!
ecovitagroup,ECUADOR,Fri May 20 14:41:51 +0000 2011,Hostería Camping Orgánico; Organizadora del Programa Rescatemos Nuestra Tierra By Ecovita; Portal comercializador de productos verdes 
Green_ByAdera,7488 Byrnepark Walk; Burnaby,Thu Feb 17 17:37:04 +0000 2011,Green is a collection of one; two and three bedroom homes created to promote energy conservation and healthy; sustainable living for families and the community.
MMCDAssoc,Vancouver; BC,Mon Aug 17 06:02:01 +0000 2009,We love civil engineering; municipal infrastructure; and all things construction.  MMCD - Your documents of choice for BC infrastructure projects!     
kakoiijing,Planet Earth,Sun Aug 02 09:33:20 +0000 2009,
GerryTMcGuire,Vancouver;Canada,Sat Jan 17 14:36:10 +0000 2009,Father;entrepreneur;photographer;artist; political pundit and proprietor of A-Ace Limousine Incorporated in Vancouver;BC.  604-961-9123
OddballWorkshop,Vancouver; BC,Sat Jan 01 22:30:43 +0000 2011,We make you look good! A Promotions Co. specializing in digital printing: custom tees; stickers; banners; etc. If you can think it we can run with it!
michellehsing,Vancouver; BC,Wed Oct 27 04:56:00 +0000 2010,
tkask,ÜT: 49.28499;-123.116514,Mon Dec 22 22:39:57 +0000 2008,
PL__Web,Vancouver; BC; Canada,Thu Oct 28 23:42:16 +0000 2010,Sharing today's news; tips and tricks in the world of Web Development and Social Media.
VisionVancouver,Vancouver; BC,Fri Jan 29 00:10:14 +0000 2010,Committed to ending homelessness; building a green economy; and investing in creativity & innovation. Together we are improving life in Vancouver.
Applebee_08,,Fri Nov 12 05:05:06 +0000 2010,
jeffsumm,ÜT: 49.202722;-122.914922,Sat Feb 24 22:22:31 +0000 2007,
shawzepe,Vancouver,Thu Jun 12 23:19:07 +0000 2008,News editor and local sports TV maker extraordinaire.   ~ All tweets are my own and do not reflect my employers even a little ~
climatesmart,Vancouver; BC,Tue Jan 20 20:54:25 +0000 2009,Cut costs! Cut carbon! We empower & enable small & mid-sized businesses to strengthen their businesses & build a more resilient economy. Tweets from Beth&Lloyd.
meyerjason007, Toronto; Canada,Thu Jul 01 02:13:58 +0000 2010,Cyclist; part-time traveler and full-time budding HR aficionado
Deemz816,,Sun Oct 04 16:33:16 +0000 2009,i drink too much coffee and i laugh way too loud.
EricGWan,Vancouver; Canada,Sat Feb 07 08:14:01 +0000 2009,Theology; Evangelism; Civil Engineering; Planning/Transportation; Land Use; Rowhomes; Cycling; Hiking; Traveling; China; Indie Folk Music; Farmer's Market.
VanObserver,Vancouver; BC,Sat Nov 15 18:15:22 +0000 2008,Journalism matters.
samd,Vancouver,Fri Sep 01 03:13:15 +0000 2006,Designer.
lyteforce,Richmond BC,Tue Feb 05 19:40:52 +0000 2008,A biased sports fan who's looking for 1.21 gigawatts of power. Find me at http://leftcoastbydesign.ca/ & my opinions do not reflect that of my employer. Word!
NtQtSouthSurrey,ÜT: 49.102166;-122.772477,Wed Jul 01 18:52:00 +0000 2009,Online community resource for all things Sullivan Station / Panorama Village / Southeast Newton area of Surrey; BC.  We love this place!  Jen & Fran.
samlin86,Vancouver,Thu Oct 29 06:21:48 +0000 2009,photographer. software developer. traveler. entrepreneur. badminton player.
valriw,,Thu Dec 18 03:52:58 +0000 2008,I volunteer; I manage volunteers in the arts; I love volunteers! People are empowered by giving to something they support and believe in. 
roboman51,Vancouver,Mon Jun 22 07:03:08 +0000 2009,
pennamite,Ladner; BC,Thu Jun 18 20:10:29 +0000 2009,Marshwiggle
UBCLawLib,Vancouver; B.C.; Canada,Thu Dec 18 18:05:05 +0000 2008,The University of British Columbia Law Library supports the study; reference; & research needs of the students & faculty of the Faculty of Law & UBC community.
speakerss,48.48062;-123.321298,Thu Jan 15 21:31:17 +0000 2009,The stories and information posted here are artistic works of fiction and falsehood. Only a fool would take anything posted here as fact.
jalinkletter,Vancouver; BC; Canada,Wed Oct 29 17:01:09 +0000 2008,Prospect researcher; community organizer; mother; occasional wisecracker
erikoarai,,Sat Jul 25 22:43:35 +0000 2009,Mountain lover working with non-profits & businesses creating social good. Tweets about conservation; socially conscious business practice; science & education.
SkyTrainLady,Burnaby; BC; Canada,Sun Dec 21 18:39:05 +0000 2008,I love talking about trains; transit & my hometown; Vancouver. My title: Communications Liaison; BC Rapid Transit Co. For transit service info folo @TransLink. 
DalethH,,Wed Oct 28 01:31:10 +0000 2009,
ScienceWorldTR,Vancouver; B.C.,Tue Aug 18 20:28:25 +0000 2009,Science World British Columbia Teacher Resources - tweets moderated by Kate Henderson; science teacher. Science World is also tweeting from @scienceworldca 
jdcasa,Vancouver,Sat Apr 26 00:06:57 +0000 2008,Italian-Canadian mashup of food; travel; old Calabria and the wisdom of nonnas. Social media for good not evil. And same-sex immigration pioneer.
dennisworld,Vancouver; BC,Fri Mar 23 21:38:00 +0000 2007,Everything green; Traveling; Mobile Internet; Photography; Hiking; Ultimate; Snowboarding; Opportunistic vegetarian; Sailing; Biking; Diving; Audiobooks
DennisTT,between 127.0.0.1 and a cloud,Tue Dec 02 01:28:32 +0000 2008,software developer (web/mobile). core team member @sfxyyam. council member @successylm. former developer @mybbgroup. transit enthusiast.
thebuzzer,Burnaby; BC,Tue Jan 13 21:25:49 +0000 2009,I'm Robert Willis; editor of the Buzzer: Vancouver's free transit newsletter since June 2; 1916. (Follow @translink for key transit updates!)
paulhillsdon,Vancouver; Canada,Thu Mar 08 10:32:50 +0000 2007,Architect of the future. Tweeting live since 2007. 
chatkiller,,Wed Mar 11 18:06:34 +0000 2009,I'm the kid you never see 
vpsn,Vancouver; BC,Sun Apr 26 23:38:09 +0000 2009,The Vancouver Public Space Network is a grassroots; volunteer collective engaging in advocacy; outreach & education on public space issues in Vancouver. 
MichaelSSU,Vancouver; BC,Mon Jul 11 17:02:29 +0000 2011,Big fan of Social Media; Webinars; QR codes; Food; and Vancouver!
CamaraEcuaCanad,Guayaquil - Ecuador,Wed Jun 01 23:11:37 +0000 2011,La Cámara de Comercio Ecuatoriano Canadiense de Guayaquil es una organización de derecho privado; sin fines de lucro; conformada por compañias y particulares. 
BossSamantha,burnaby bc,Wed Aug 03 22:57:28 +0000 2011,
MicroMixUSA,,Tue Feb 07 13:05:32 +0000 2012,Ergofit USA is pleased to introduce the Ergofit MicroMix product line; a powerful tool in environmental remediation and agricultural biotechnology. 
sarcasticommute,On the bus; and in traffic,Mon Feb 13 19:05:59 +0000 2012,I share the frustrations of the daily commuters
TracyatEclipse,Vancouver; Canada,Fri Jan 20 22:56:26 +0000 2012,Eclipse designed MinePoint; an ERP Software specifically for the mining industry built on the Microsoft platform.
AragonProperty,Vancouver,Wed Mar 25 18:32:23 +0000 2009,Since 1988 Aragon Properties has completed over 2400 new homes; constructed landmark residences and created communities for generations to come. 
Alec_McLeod,North Vancouver,Fri Jan 14 09:55:59 +0000 2011,Studying Cognitive Science at SFU... love exercise; music; guitar; tech; potatoes... love developing java; python; obj-C... and web design; html; css.
RCinsure,Beautiful British Columbia,Thu Aug 04 04:30:10 +0000 2011,BIG I ~ little i ~ any i... Insurance info & premium service i250.ca - i604.ca - i778.ca ~ GVRD Mobile Service: 778-836-8770 or BBM 21B6D7FD (RC is @Carter_CAN)
heather__welsh,Vancouver,Sun Aug 16 12:37:10 +0000 2009,An English girl in Vancouver. Freelance journalist. Music; food and listography fanatic. http://tweepoppy.tumblr.com/
andralouie,New Westminster; BC,Sat Oct 04 05:22:43 +0000 2008,Community arts enthusiast & Communications professional in New Westminster; BC; love to cook &  has the best job of being a mama to sweet Georgia Spring
gpstrackit,,Tue Jan 12 17:08:04 +0000 2010,GPSTrackit.com is a leading North American supplier of GPS tracking; fleet management and location-based services for business solutions.
AllisonRiley8,Vancouver,Mon Apr 19 20:06:22 +0000 2010,Performer and host based out of beautiful Vancouver.  Follow me for breaking news and breaking hilarity.
EarthRunFdn,Vancouver; BC. Canada,Tue Apr 13 05:47:00 +0000 2010,Earth Run: Join us and run for the world.
lancemaxfraser,Vancouver; Surrey & White Rock,Wed Oct 12 07:19:18 +0000 2011,Professional; with a small business website design company for small businesses. Contact me for more information. lance@rhinoweb.ca
LeahMossPhoto,Pitt Meadows; British Columbia,Mon Jan 16 19:19:49 +0000 2012,I'm a photographer with interests in every occasion with a special passion for boudoir. I am also a wife and mother of two beautiful children!
newweba1,New Westminster; BC;Canada,Tue Dec 20 02:02:30 +0000 2011,West End Business Association covers the 12th Street and 20th Street areas of New Westminster;BC; Canada  Buy local. 
RobPearlman,Vancouver,Thu Jun 02 21:49:15 +0000 2011,Project Coordinator at Climb for Change - Urban Studies Student - Gentleman at Large - Scholar in Training - Urban Ape.
aubs_r,Vancouver,Sun Jan 29 07:14:32 +0000 2012,Travel; cooking; books; nature; friends; NHL most especially the Vancouver Canucks (before and still); Chicago Wolves and Mr Sidney.
Sustain_Transpo,British Columbia,Sat Aug 06 21:28:52 +0000 2011,The Sustainable Transportation Coalition brings together a range of groups who support bold action on funding for sustainable transportation in Metro Vancouver.
WhiteRockHouses,White Rock,Sat Jan 28 06:37:52 +0000 2012,Born and raised in Winnipeg Manitoba.  Moved to BC in 1994 and have been assisting buyers and sellers with their real estate needs since 2000. 604-308-7884
kkkkarlo,Vancouver,Thu Feb 24 04:14:48 +0000 2011,
JulioBAguilar,the ridge,Sat Jun 05 02:10:54 +0000 2010,tweets
ebbymohseni,Vancouver,Sun Sep 06 08:04:35 +0000 2009,Actor; voice over; TV and radio producer; host; emcee; filmmaker; festival organizer; event coordinator
jamie_lwalker,Vancouver,Tue Nov 08 02:33:58 +0000 2011,running enthusiast. candy lover. coffee drinker.
jodi_rai,vancouver; bc,Thu Nov 19 23:18:48 +0000 2009,the one and only jrai. nuff said.
tjmankitchen,Vancouver,Mon Jan 02 19:21:53 +0000 2012,I'm just a guy; who loves to cook with alcohol. I love to travel as well; and try new exotic cuisine as much as possible.  
GreenSchoolUNES,Burnaby Mountain; Burnaby; BC,Thu Jul 23 02:42:27 +0000 2009,UniverCity Neighbours for Environmental Sustainability; SFU http://groups.google.com/group/univercityneighbours
FVConservancy,Abbotsford BC,Tue Dec 22 21:07:52 +0000 2009,FVC places lands in trust for our future. We protect environmental and historic sites and facilitate stewardship actions for Nature. Tweets by Suzie
WonderettesVan,Vancouver; BC,Thu Nov 24 19:47:52 +0000 2011,Hey Look! It's a Co-op presents The Marvelous Wonderettes at PAL Theatre; 581 Cardero February 8th-26th 2012  Tickets www.ticketstonight.ca
sandman2528,Vancouver; BC,Mon Dec 26 21:06:58 +0000 2011,Just a guy!
Andwalsh,Vancouver; BC,Wed Jun 04 04:07:15 +0000 2008,Communications / design / radio / tech / photography / books / nature / transit / cycling / coffee /
JOurom,Vancouver,Sun Jun 19 17:04:28 +0000 2011,Journalist/photographer/educator motivated by the environment; sustainability and blueberry waffles. @ClimateSmart; outdoors and natural light enthusiast. 
geoffengland,Vancouver,Fri Dec 10 20:12:09 +0000 2010,Family man extrordinaire; livin' the good life with a beautiful wife; 2 boys and a dog. Love my sports; especially footy & hockey. And always up for fun times!
217atGarryPoint,Steveston; BC,Sat Apr 02 17:56:28 +0000 2011,I watch kites down by the Fraser River at Garry Point from the View at Studio 217; I am mother to 3 boys and a multimedia artist.
carolbrowne,Vancouver,Fri Mar 23 13:43:25 +0000 2007,A Vancouver; BC photographer; blogger and crafter. @mikebrowne is my hubby.
tidbitsvan,Vancouver; BC Canada,Sun Jun 12 19:10:39 +0000 2011,Tidbits of Vancouver; The Neatest Little Paper Read. Advertising in Tidbits is very effective; affordable and easy. Read the latest twitts by Shawn & Tim!
Credence_CG,,Fri Jun 11 02:40:23 +0000 2010,Communications professional looking to make a difference in the world. Happily married; mother of two boys and loving life in North Vancouver; BC. 
eddiehung,,Wed Jun 10 10:34:43 +0000 2009,The serialised memoirs of a HK-born; UK-reared; now in YVR
JMbrah,,Fri Dec 03 20:09:16 +0000 2010,Kin student; fitness enthusiast; promoting active health & wellness; retweet junkie
AderaHome,Vancouver; BC  Canada,Tue Apr 21 16:22:52 +0000 2009,YOU inspire us. You inspire us to do a better job every day; to build better homes; and to build homes that allow you to live a better life. #LIVEWESTCOAST
AnthonyNSmith,Vancouver; BC,Wed Aug 18 09:17:37 +0000 2010,Data visualization expert passionate about human health and environmental sustainability.
Bettys_Cleaning,Lower Mainland,Wed Nov 09 06:15:10 +0000 2011,Locally owned and operated green cleaning service specializing in post construction; strata properties; commercial buildings and private residences. 
GBNTeam,Burnaby; British Columbia ,Sun Oct 23 21:38:31 +0000 2011,A blog on Burnaby North Secondary School containing over 50 pages of information; 400 update posts (School/Outside Info) with 1000+ visitors overall.
lindzmarsh,Vancouver;Coast Salish Land,Mon Feb 23 22:29:58 +0000 2009,#Sustainable community developer; #RRU #intercultural communication grad student; #diversity trainer; #queer activist in #Vancouver; lover of #haiku
nsvancouver,Vancouver,Thu Oct 20 00:03:01 +0000 2011,Neighbourhoods for a Sustainable Vancouver (NSV). Vote for real democracy!
StopSmrtMeterBC,,Wed Sep 07 00:43:30 +0000 2011,
supportcanadian,Regina; Saskatchewan Canada,Mon Oct 10 18:56:19 +0000 2011,Canadian mom passionate about introducing Canadian Handmade to consumers.  Discover Canadian Handmade!
sarcozona,Awesome International,Wed Jun 04 18:54:17 +0000 2008,plant lover; cookie monster; shoe fiend
BoardofTrade,Vancouver,Mon Aug 04 19:43:33 +0000 2008,The official account of The Vancouver Board of Trade — Western Canada's largest; most active; most influential business organization. Tweets by @greghoekstra.
artovermatter,Vancouver; B.C.,Thu Jan 06 10:51:56 +0000 2011,Vancouver graphic & web designer with UX & UCD focus; photographer; world traveller with love for art; tech; snacks & the community. Fulltime Entrepreneur.
OutAndAboutYVR,Vancouver; BC,Fri Jul 22 20:12:46 +0000 2011,Seeking opportunity in: Business Development Management; Sales Management; Marketing; Customer Engagement / Relations
SUBWAY_BC,Beautiful British Columbia,Wed Oct 12 17:34:34 +0000 2011,The Official SUBWAY® British Columbia Twitter page! Stay up to date with what SUBWAY® is up to in your area!  Think Fresh! Eat Fresh!
HiltonYVR,Richmond; BC,Fri Apr 17 20:50:56 +0000 2009,237 room property located in the heart of downtown Richmond; BC. 5;500 sq feet of meeting space; Carmichael's restaurant; & Sax Lounge. Tweets by @rchangdotca
FLYZ0NE,Vancouver; B.C,Wed Oct 13 18:20:47 +0000 2010,FlyZone Bodyflight is Vancouver's Vertical Wind Tunnel!  Experience the thrill of indoor skydiving without jumping out of an airplane!  #Indoor #Skydive
PlaceSpeak,Vancouver,Sat Jan 08 01:07:43 +0000 2011,PlaceSpeak is a location-based consultation platform that connects citizens to local issues. Claim your place. Speak your mind. Most tweets from @YuriArtibise.
Garossino,Vancouver,Tue Aug 23 03:10:24 +0000 2011,Sandy Garossino on civic affairs. Sandy ran as an Independent candidate for Vancouver City Council in 2011.    
rebeccapLwee,,Fri Oct 07 03:50:50 +0000 2011,fly to eat is my dream.
LDInsurance,BC & Alberta; Canada,Tue Feb 16 23:50:02 +0000 2010,The Insurance Services Department of London Drugs Limited offers you the insurance you need to protect the things and people that matter most to you.
juliabuczek,Vancouver; BC; Canada,Wed Mar 18 03:25:42 +0000 2009,twitter: my one outlet for ranting my heart out. 
Momentm_Massage,Vancouver; BC,Thu May 26 07:40:54 +0000 2011,Bodywork Practice in Vancouver and New West.  Momentum has the cheapest mobile rates in Vancouver! Sliding scale rates for artists & those with limited funds.
eliteelecbikes,Canada,Sun Jan 09 19:45:39 +0000 2011,The most powerful street-legal electric bicycles (e-bikes) on the market. Ideal for police bike squads; employer bikeshare programs; and daily commuting.
kris_lilly,Vancouver; BC,Thu Sep 22 02:29:01 +0000 2011,Just want to know about stuff I care about...Which includes but is not limited to: Urban Planning; Transportation; Fashion; Canucks; and Live Music.
melaniemcshim,Vancouver; BC,Sun Aug 08 04:59:31 +0000 2010,Interests are: Scandinavia; communications & media; world exploring; urban design; social change. Working on Surrey Memorial Hospital Redevelopment & Expansion.
lee_johnso,,Mon Sep 12 21:38:47 +0000 2011,Lee Johnson - Graduate Student at SFU/ CAPS Conference 2012 Planning Committee/ Soccer player/ island grown  
CJVanc,Vancouver,Wed Sep 16 06:08:34 +0000 2009,I work at Vancity as a Marketing Specialist. I love to try new things; travel and meet interesting people.
minney69,ÜT: 51.083792;-120.180976,Mon Mar 16 16:49:17 +0000 2009,
BaillieIan,Vancouver,Thu Feb 17 21:42:55 +0000 2011,Executive Director of Vision Vancouver-- passionate about progressive politics!
teachertong,Vancouver; BC,Sat Sep 10 07:18:09 +0000 2011,Home Economics teacher @ Surrey School District | Master of Education student @ UBC | Yoga Enthusiast @ everywhere
TheCyclingWolf,Vancouver; BC Canada,Sun Jul 10 15:14:04 +0000 2011,Avid road cyclist riding old school 12 speed Norco Avanti. I may not get there quick but I will get there.
findfreddy,vancouver bc,Sun Mar 15 17:40:59 +0000 2009,love my city of vancouver; carsurfing; cookies & good times
buspicscanada,Canada,Tue Feb 22 06:46:03 +0000 2011,BusPics Twitter and Ernest Ng
CorinneSigouin,Vancouver; BC,Tue Jan 20 18:21:19 +0000 2009,Video Production/Media Relations 
mostlydana,Vancouver; BC,Mon Jan 19 05:11:58 +0000 2009,Enjoys a car- and cable-free lifestyle and being outside. Communications coordinator for a professional association. 
envtsustainvan,Vancouver,Mon Feb 16 23:26:45 +0000 2009,4th yr ubc envt & sustainability. I love living in this city! #sust; urbanomics; urban planning; #bcpoli. 
boolalacostumes,North Vancouver; Canada,Fri Jul 16 05:58:26 +0000 2010,Boo La La is the world's best costume shop; located in North Vancouver. Life's more fun in costume!  http://www.facebook.com/BooLaLaCostumes
Velocity2012,Vancouver,Fri Mar 18 22:55:00 +0000 2011,VC is the world’s premier international cycling planning conference. From 26-29 June delegates from around the world will get together and share their knowledge
TransitBusFan98,,Wed Aug 10 21:31:55 +0000 2011,
BikeboxCanada,Canada,Fri Mar 19 05:42:58 +0000 2010,Canada's only manufacturer of sustainable bicycle storage solutions. Bike Boxes are constructed using Post Consumer Materials( Recycled Plastic )
RaleighSprite,Vancouver; B.C.,Thu Oct 29 20:41:42 +0000 2009,Mid-70s 10 speed city bike. Me and my owner cycle here; there and everywhere; in style and comfort.
Courteosity,,Fri Aug 12 16:54:21 +0000 2011,
LiveSmartBCca,British Columbia; Canada,Wed Mar 02 21:38:03 +0000 2011,LiveSmart BC helps you make green choices to save money at home; at work and on the road. Be part of the solution. You choose; you save. Carbon Neutral Tweets!
Offsetters,Vancouver; Canada,Fri Mar 27 22:25:05 +0000 2009,As Canada’s leading provider of carbon-management solutions; we help organizations and individuals understand; reduce and offset their climate impact.
actualtina,Vancouver; BC,Mon Sep 20 18:03:43 +0000 2010,writer and editor; triathlon hobbyist; mom of two; reader of long articles on varied topics; serial comma supporter
Carlyrpaul,,Fri Aug 12 01:23:24 +0000 2011,dont major the minor | canucks fan 
BlueSmokeBBQ,Anywhere in the Vancouver area,Wed Mar 17 07:00:50 +0000 2010,Low and Slow on the Go! Great Southern style pulled pork and pulled chicken in our Red Thunder sauce. http://bit.ly/m60rwB
al_larose,,Sat Aug 06 17:19:56 +0000 2011,Check out my main Twitter account @allenlarose or my website http://www.allenlarose.com
TheSunTower,100 West Pender Street,Thu Jul 07 02:46:46 +0000 2011,Welcome to Vancouver’s Creative Commons. Updated; polished; and re-invigorated; Sun Tower now welcomes a new kind of business presence.
scarreira10,Vancouver; Canada,Sun Mar 01 22:01:21 +0000 2009,SFU student major in economics; canucks fan; music lover (country; pop; oldies; basically anything with a good beat); half italian/portuguese
BCAutoCon,Vancouver BC Canada,Fri Jun 24 18:13:23 +0000 2011,News; Updates and Topics From the Upcoming 2011 BC Auto Conference happening Sept 19-20
crosseyedcat7,Vancouver,Wed Jul 27 01:33:04 +0000 2011,I'm a 7 year-old snowshoe cat who likes car rides with my (human) mom. I enjoy surfing the net when not napping; grooming; hunting bugs or birdwatching.
CampandRVinBC,British Columbia; Canada,Tue May 05 21:55:11 +0000 2009,Camping and RV BC facilitates campers in finding provincial; national; private and recreation campgrounds in British Columbia.
backpacker26,Vancouver,Fri Apr 02 17:16:28 +0000 2010,I have always been an avid traveller. My outgoingness and spontaneity are facets of my character that are only outweighed by my need for adrenaline! I love food
TeresaNgan,Hong Kong,Wed Jun 29 04:43:29 +0000 2011,My name is Teresa Ngan.  I'm a student who enjoys studying and working diligently.
ScoutFor,Vancouver,Wed Jun 02 06:44:16 +0000 2010,Eco-friendly Environment tips based in Vancouver; Canada. Enjoy our lifestyle blog about recycling; green ideas; the environment and sustainability in your city
leslie_mcguire,,Tue Jan 12 02:47:31 +0000 2010,Elementary School Vice Principal - Enjoying new hearts and minds at Brooksbank in the Library; and of course everything Green 
WillSwanston,Vancouver BC,Tue Oct 06 22:51:49 +0000 2009,VP of Business Development at Hike Business Services @hikebiz. Proud BCIT alumni and former SIFE BCIT executive (ACE Canada)
ALGUSTOlatinos,Burnaby + Surrey ,Thu Jul 21 20:16:17 +0000 2011,Al Gusto Latinos is a locally owned and operated latin food store. We import top international consumer brands and offer reliable money transfer services. 
Sninkle_o,BC; Canada,Tue Jul 28 15:00:28 +0000 2009,Life is too short to not take chances. I am a geeky girl: play vid games; learning Japanese; like to break software & think it's fun to play with Excel & Access
notbranded,Vancouver; BC,Tue Oct 14 02:43:49 +0000 2008,Quirky suburbanite with a passion for nonprofit marketing and business development. Equestrian enthusiast & #PPTRA volunteer. 
hikebiz,Vancouver,Thu Jul 07 23:44:17 +0000 2011,Hike is a NFP consulting team of BCIT students and alumni; providing business services to local startups and entrepreneurs. Elevate your Business!
IanYeung,Vancouver; B.C.,Tue May 11 03:39:53 +0000 2010,
BlairQualey,British Columbia Canada,Wed Jul 13 22:44:42 +0000 2011,Currrently President & CEO of the BC New Car Dealers Association; a Governor of Emily Carr University and a Trustee of the Vancouver Public Library Foundation.
NewCarDealersBC,British Columbia; Canada,Sun Jan 04 03:31:12 +0000 2009,Speaking on behalf of British Columbia's New Car Dealers
KabaniAuto,New Westminster; BC,Thu May 12 17:50:49 +0000 2011,Welcome to Kabani Wholesale Autobrokers - a family owned and operated dealership. We have been proudly conducting business since 1992.  Let us help you today!
PinkLotusPhotos,Vancouver,Tue Jun 28 16:26:10 +0000 2011,Affordable Photographer In Vancouver.  pinklotusphotos@gmail.com  http://www.facebook.com/#!/pages/Pink-Lotus-Photography/177276535665980
ubcgrandprix,Vancouver; BC,Fri Apr 08 07:25:24 +0000 2011,July 10; 2012. Part of BC Superweek; The Original 16 UBC Grand Prix will feature a Criterium race open to Pro/Am cyclists; a Kids Race and Corporate Challenge
vsstephen,Vancouver,Fri Jul 08 19:03:16 +0000 2011,Young worker; trade unionist; and activist in Vancouver; British Columbia. COPE 378 Executive Board Member; 2nd VP of VDLC; and Chair of BCFED Young Workers. 
SerenaLo1,Burnaby,Wed Jul 06 17:09:27 +0000 2011,I'm Serena Lo and I'm applying to be the YVR Storyteller.I hope you can support me in this challenge. Find me on facebook.
LynnOsler07,Vancouver,Sun Jul 03 04:07:17 +0000 2011,24 year old Vancouverite who's passionate about sustainability.  Follow me on my blog:  http://dailyinspiration123.blogspot.com
kathryntonelli,,Fri Jan 28 17:08:34 +0000 2011,
graceypmok,,Tue Sep 21 05:27:46 +0000 2010,
WoodfordCKNW980,Surrey; BC,Tue Aug 03 05:31:34 +0000 2010,I am reporter and all round news hound for CKNW News Talk 980 in Vancouver. BC's most well respected and listened to newsroom.  
alimaychisholm,Vancouver BC,Sun Jul 03 08:05:32 +0000 2011,I am an administrator; producer; actor; singer; and improviser living in Vancouver; doing my best to always look at the bright side.
spacingvan,Vancouver; B.C.; Canada,Fri Jun 24 15:28:46 +0000 2011,Spacing Vancouver examines the joys; obstacles & politics of the urban landscape in B.C. @Spacing Canadian Magazine of the Year 2007-09.
ShawnCEvent,Vancouver; Canada,Sat Jul 31 04:27:08 +0000 2010,Learnaholic; Arts/culture fanatics; Apprentice in event and tourism industry. Crazy for food; wine and travel. Dream big.  
Matt_Brennancom,Pitt Meadows; / Chilliwack,Tue Oct 19 19:07:56 +0000 2010,Husband; Father of 2; Brother in Christ & Pitt Meadows/Fraser Valley Photographer. I love photographing People; Families; Architecture; Commercial; & Fine Art.
seapotato,BC,Fri Mar 13 04:35:31 +0000 2009,Social media addict who loves finding great deals; watching movies; and reviewing products and movies! PR friendly!
Parisl151,Louisiana,Fri Mar 25 08:50:38 +0000 2011,
EmilySChristian,Vancouver; BC,Tue May 03 19:23:40 +0000 2011,Born & raised Vancouver Gal- play soccer & field-hockey-Spend most of my spare time on the mountains with my dog or checking out events going on around the city
YuriArtibise,Vancouver; BC,Wed Aug 13 01:37:14 +0000 2008,I'm a policy analyst; blogger; urbanist & community manager who is re-discovering what #Vancouver has to offer. I also tweet for @PlaceSpeak and @SpacingVan
NidoyLester,Vancouver BC,Sat Jun 25 04:54:11 +0000 2011,Im Born in July 27 1989 I Am a Huge Apple Fan
PetrichorBliss,British Columbia,Tue Mar 22 23:49:33 +0000 2011,
lightninglandon,Vancouver,Mon Aug 04 01:42:23 +0000 2008,Transit; planning; cities; neighborhoods; and my life. Florida; Atlanta; Oregon; and Vancouver; BC. I'm all over the place. Sometimes; I tweet for @SFUSustain.
Viva_Van,Vancouver; BC,Tue Apr 19 20:56:35 +0000 2011, Imagine if you transformed popular Vancouver streets into public spaces that attracted people to spend more time on the street! That's Viva Vancouver!
gstring,ÜT: 49.258956;-123.139171,Wed Jan 30 22:07:37 +0000 2008,An East Coast boy living a West Coast dream.  The opinions expressed here are either mine; or were found amusing by me. Nobody else. Well. Some others; maybe.
VanVeloSpoke,Vancouver Convention Centre,Tue May 24 17:27:32 +0000 2011,The VeloSpoke Bike Expo - Taking place Sept 8-9th at the Vancouver Convention Centre in conjunction with the RBC GranFondo Whistler. Follow us for daily updates
barbjustason,Vancouver Canada,Sat Jun 05 04:41:55 +0000 2010,#YVR #NYC civic news :: sometimes #vanpoli & #bcpoli commentator :: oftentimes #civic junkie :: full-time #pollster :: Barb@JustasonMI.com
thehood604,Kingsway and 12th; Van City,Thu May 26 00:32:06 +0000 2011,From the people who brought you the Penny Lane Pub on Main and 41st now comes The Hood; nestled comfortably in the super hip mount pleasant area.
diyyinah,Vancouver; CANADA █ ♥ █,Thu Mar 26 02:13:04 +0000 2009,[Diana]: Proud Canadian | IB Student | Journalist | Environmentalist | Musician♬ | Blogger | Foodie | Karateka | Co-founder @SpeakNowTV.. Fancy! Tweet me. ☺
Sharrij658,Arizona,Fri Mar 25 08:26:29 +0000 2011,
nancampbell,Winnipeg,Thu Apr 30 14:43:14 +0000 2009,Founding member of the Happiness Revolution; daring to open her mind to happiness in this moment in the heart of Canada; Winnipeg!  
PabloP74,ÜT: 49.203391;-122.925295,Sun Jul 12 00:55:28 +0000 2009,Formerly known as PabloPenguin74  I am often found speaking in alliteration. Like to talk about life; parenting; canucks (hockey in general) & performing arts.
TuVLe,Vancouver,Sun Feb 27 23:42:28 +0000 2011,Still getting acclimated to Vancouver Life! Not changing my Victoria ways. 
StevieWild,Vancouver,Wed Sep 16 23:07:08 +0000 2009,Digital Producer at Grey Vancouver  
Caribooian,Lac La Hache,Wed Apr 06 02:31:45 +0000 2011,British Columbia is home. Exploring; campfires; cycling; snowboarding; winter; beers and Jody.
agirlfrom_ohio,Vancouver; BC,Thu May 19 02:53:53 +0000 2011,A Midwestern girl in Vancouver; by way of San Francisco. I like fancy dresses and old movies. I'm an HR dork; but I'll try not to bore you with work. 
VancouvertoSea,Vancouver,Mon May 16 21:48:38 +0000 2011,Vancouver Arts; Culture; Music; Festivals; Green friendly Deals; and fun stuff Blog
Stephanie_Ryan,Surrey; BC,Fri Apr 22 23:23:59 +0000 2011,Born and raised in Surrey. Volunteer with Big Sisters. Interested in urban planning; arts and culture; transportation.
Backyardbuzz,Vancouver,Fri Mar 04 19:47:35 +0000 2011,Beekeeping in the City of Vancouver; 2 hives per backyard. We use the most natural management practices possible for healthy; happy bees. Delicious honey! 
ParksBoardFacts,,Thu May 26 06:21:54 +0000 2011,
CanadianSprings,Canada,Thu Apr 28 22:06:46 +0000 2011,Canadian Springs is Canada's leading provider of delivered water; filtration systems & coffee service (NEW!) for homes and offices. Tweets by Mengo and Daniel
2011_Challenge,Metro Vancouver,Fri May 06 23:05:44 +0000 2011,From June 5 to 11; companies encourage their employees to commute sustainably. Register your organization today!    
modo_carcoop,Vancouver; BC,Wed Nov 17 21:43:19 +0000 2010,It's not what you drive; it's what you share.
Velopalooza,Vancouver; BC,Thu Apr 22 05:43:02 +0000 2010,Velopalooza is 17 days of bikey fun. Go to our site to post a ride for Velopalooza this year! 
GLinc,Burnaby; B.C. (CANADA),Tue Jul 07 02:59:06 +0000 2009,
vantransp2040,Vancouver; Canada,Mon May 16 18:28:35 +0000 2011,The City of Vancouver is updating its transportation plan to set goals to 2040 and direct the City’s transportation decisions for the years ahead. 
Detour09,,Mon Sep 21 16:01:59 +0000 2009,
RitaKoivunen,Vancouver; BC,Mon May 10 06:14:45 +0000 2010,   
ThisIsVancity,Vancouver; Canada,Mon Jan 03 01:13:37 +0000 2011,Through multimedia storytelling our goal is to celebrate; expose and connect our communities in Vancouver.
KenCoach,Vancouver,Wed Feb 11 16:00:11 +0000 2009,PR Consultant; Ex-Journalist; Media Trainer; Crisis Management; Presentation Trainer; Outrage Manager
crisapple,Vancouver,Tue Aug 04 18:56:21 +0000 2009,@SFUCMNS grad; Marketing student @BCIT; Adminstrative student @VCCishere. love yoga; sleeping; makeup; tea drinker; social media; fashion
BCBoy2011,British Columbia; Canada,Wed May 11 07:30:24 +0000 2011,Just a boy living in beautiful British Columbia; Canada.
Vote4RinaGill,Surrey; BC,Tue May 10 20:01:09 +0000 2011,Business Woman; Community Volunteer & Surrey City Council Candidate (Ran in 2008 election & missed by 1 spot with 18;888 votes)      
thepeak,Vancouver; British Columbia,Fri Nov 07 19:37:56 +0000 2008,Download The PEAK Apps for iPhone & Android and listen everywhere you go! Download links on our website...
cupacorn,Summer Night Market; Richmond,Wed Mar 09 01:22:36 +0000 2011,Unveiling the supreme quality of fresh non-cut corn kernels flavoured by the finest ingredients; to bring you the deliciously yummy steamed flavoured corn
GrittaniLiving,Vancouver,Sun Aug 22 22:39:11 +0000 2010,Lover of big trees and blue skies; sub-par stand-up paddleboarder. New & enthusiastic Vancouverite with fondness for Whistler and TO. Opinions here my own.
keithkarney,Halifax; NS; Canada,Sun Mar 20 23:40:58 +0000 2011,Hockey loving politics nerd from the west coast currently living on the east coast
babybooo99,on a plane....,Tue Mar 01 06:24:30 +0000 2011,1) I'm a single mom of a gorgeous 7 year princess 2) work - Help protect ppls investments & future security!! My life: my child; work & the gym
sammimorelli,Vancouver; BC,Wed Mar 25 08:21:59 +0000 2009,Singer/Songwriter/ Personality/ Romantic Fool/ Adventurer/iPhotographer   Hear me Evenings and Weekends on Virgin Radio Vancouver!
ICC_Vancouver,Vancouver; BC,Tue Aug 25 22:55:25 +0000 2009,We're a hidden gem. Celebrating the Italian Culture; great friends; food and wine. Banquet & meeting rooms available for any event or function. Come visit...
magemadness,Vancouver BC Canada,Wed May 30 08:26:09 +0000 2007,a karate enthuasist; foodie; and a software programmer who loves movie screening; contests; freebies and tries out new food;  while kicking ass programming
ConcertProp,,Mon Jan 17 23:02:36 +0000 2011,A real estate enterprise involved in rental; condominium and seniors housing; commercial; industrial and infrastructure properties; and property management.
car2goVancouver,Vancouver,Tue Nov 09 19:43:32 +0000 2010,car2go is a groundbreaking mobility program that offers vehicles by the minute. Use it anytime; park it anywhere. No reservations required!
transitmuseum,Vancouver,Sun Mar 06 22:53:26 +0000 2011,The Transit Museum Society of Vancouver: Est'd in 1986 to restore; preserve and operate historical vehicles significant to the history of BC public transit.
RonChunick,Vancouver; B.C. Canada,Mon Feb 14 05:35:43 +0000 2011,******METRO VANCOUVER URBAN LIFESTYLE REALTOR!!! ******I LOVE TO SELL VANCOUVER CONDOS & TOWNHOMES!!!  
unwornslinky,New Westminster; Canada,Wed Dec 29 09:36:26 +0000 2010,
__graceful,Vancouver; BC,Sun Mar 15 21:27:02 +0000 2009,Marketing manager; UBC Chemical Engineering student - Graduating May 2012.
bradrichert,Langley; BC,Sun Apr 11 23:46:03 +0000 2010,Husband; father of 3 daughters; natural capitalist; ethical investor; full-time REALTOR® based in Langley; serving the Fraser Valley with all I got.
Shiv2Go,Canada,Sat Mar 05 16:55:56 +0000 2011,Mkt. & Intl Biz @UBCsauderschool; and former exchange student at @HECParis! Incurable Travel Bug; Foodie; and aspiring Tourism maven :) Nice to meet you!  
bikerides,Vancouver BC Canada,Fri Apr 15 21:02:57 +0000 2011,  Greater Vancouver Bicycle Rides; Swaps and Events https://www.facebook.com/VancouverBicycleRides info@vancouverbicyclerides.com
brodiebikes,Vancouver; BC,Thu Mar 11 21:58:37 +0000 2010,Real Bikes for Real People: Brodie is a small Canadian bicycle company which specialize in bikes for the everyday people.
GoPopcorn,Vancouver; BC,Wed Feb 02 23:47:25 +0000 2011,Boutique agency that works with restaurants & hospitality businesses by leveraging the power of social media & online promotion to grow their customer base.
BCSportsHall,Vancouver; BC,Tue Apr 28 17:35:29 +0000 2009,Explore. Experience. Be Proud. Be Inspired. Celebrating the best athletes and teams daily at Gate A of BC Place in Vancouver.  
PugPenthouse,Vancouver; BC,Tue Dec 07 05:30:07 +0000 2010,Informatics RN (propellor-headed nurse); LGBT advocate; pug-lover; sport freak; great golfer wannabe; definitely left of centre.
MissLKP87,Vancouver,Mon Oct 11 05:52:44 +0000 2010,M.URB student at @sfuurban | Graduate from @UCalgary | Interested in Planning and Transportation | New to Twitter 
TranBC,British Columbia; Canada,Tue Oct 19 02:58:31 +0000 2010,Sharing and discussing what the BC Ministry of Transportation & Infrastructure does & why we do it to move people & the economy. Check road info @DriveBC
nealjennings,Vancouver; BC; Canada,Mon Mar 09 03:56:42 +0000 2009,Cabinet ministers would describe me as 'radical;' 'driven by an ideological imperative;' and 'with the child pornographers.' #NOgateway
Sir_Lau,Vancouver; Canada,Mon Nov 23 10:14:10 +0000 2009,media madhatter | former PR & community manager | @SFUBeedie alum | musician | snowboarder | gypsy vagabond | sometimes I sell cars | my guitar is named mimi
LeeDrever,Vancouver; BC,Sat Mar 28 03:26:09 +0000 2009,Branding Communications Strategist.   Dad. Wife annoyer.   MP3 hoarder. Average height.
RidePlanet,Vancouver/Calgary,Mon Jul 06 21:52:56 +0000 2009,I am an engineering student.  Ask me about my bikes.
MarriottYVR,Richmond; BC Canada,Thu Jan 20 17:35:25 +0000 2011,We're a downtown Richmond BC hotel; within one block of shopping; world-class dining; and only a short complimentary shuttle ride from YVR.    
News1130Dean,,Tue Sep 08 20:10:06 +0000 2009,News1130 Managing Editor - Mornings (that means I'm at work at 3am).  I'm passionate about my family; reffing hockey; good food and finding a cure for CF. 
LindsaySommersU,Vancouver; baby!,Tue Jan 20 00:52:57 +0000 2009,Really wish that there were fewer television shows about alien domination. And that the porn chick with my name had just stuck with the stripper name rule.
Carter_CAN,Richmond; BC  Canada,Sat May 29 23:02:12 +0000 2010,I'm an Insurance Broker; Dance Instructor; Sports Fan; Music Lover; Adventurer; Student of Life... Want your ICBC Autoplan delivered? I do that.  BBM 21B6D7FD
tanyapazzy,Vancouver,Fri Mar 25 03:47:53 +0000 2011,sustainable transportation geek + connecter fostering a shared/co-operative economy. Particular passions: cycling; carsharing; food; colour + shiny things.
alleycat8675309,Vancouver BC,Mon Feb 15 21:11:00 +0000 2010,
2011GreyCup,Vancouver; BC,Thu Jun 03 18:50:30 +0000 2010,Official home of the 2011 Grey Cup Festival on Twitter. We'll keep you in the loop on all the Grey Cup goods. Celebrate with us in Vancouver; Nov. 24-27; 2011.
kenkowa,,Sat Aug 09 10:21:32 +0000 2008,
skytrain,Burnaby; BC,Thu Jul 30 22:29:23 +0000 2009,We run the elevated train system in Metro Vancouver!
andrewtrevjones,Vancouver,Wed Apr 14 20:28:04 +0000 2010,Masters student in urban studies at SFU Vancouver. 
BlenzCoffee,Vancouver; BC,Thu Apr 16 04:10:06 +0000 2009,A place where we can hang out with our customers; post our daily winners & let you know what is happening in our world.
Craig_Hunt_,Vancouver; BC; Canada,Wed Mar 09 04:33:58 +0000 2011,Days: energy mangement; AScT; CEM. Nights & weekends: bikes; travel; beverages; food; news; books; home renos
cybelenegris,Vancouver; BC; Canada,Fri Dec 05 05:58:52 +0000 2008,Co-Founder/President Webnames.ca;Vice Chair SmallBusinessBC; Board of ForumWomenEntrepreneurs; SmallBusinessRoundtable. More info Cybele.tel
jkb22,,Wed Mar 18 23:37:42 +0000 2009,Sports marketer and proud Vancouverite. Sufferer of a persistent travel bug who is always looking for something fun to do and someone fun to play with. 
CycleBCVancity,Vancouver BC,Mon Jan 17 22:37:52 +0000 2011,BEEP BEEP!Canada's Largest selection of rental scooters; motorcycles; and bicycles! Join our FB http://www.facebook.com/pages/Cycle-BC-Vancouver/113726541993101
pashiri1gou,Richmond; BC; CANADA; ,Mon Apr 05 03:12:16 +0000 2010,バンクーバーへ追放中の杜氏で利き酒師です．こちらは「プライベートアカウント」のハズが．．．仕事に趣味に150％全力投球！幅広いジャンルのフォロー＆ツイートで暴走中です！（注：1日に約100ツイートあります．ご注意ください．）会社公式は @keyope をツイートしてください．駄洒落も飛ばすのでご注意を！
ElementsSociety,,Sat Mar 12 18:47:07 +0000 2011,The non-profit with the big impact - bringing environmental education; training and program support to School Districts; governments & others across Canada.
kyayrey,Vancouver; B.C.,Mon Feb 22 21:03:26 +0000 2010,Optimystical; life loving; adventure-obsessed; day dreaming; girlfriend of a music enthusiast. Living one day at a time.
georgemoen,Vancouver,Sat Aug 23 15:33:49 +0000 2008,Co-Founder Rapid Time Networks ; HOBN ; Past Prez. Of Blenz Coffee ; Speaker ; Perfecting tools to take the friction out of sales process. 
thebusloop,Vancouver; BC,Tue Mar 08 04:27:08 +0000 2011,Passionate user of transit and hand sanitizer. Observations and opinions by @Sanda_Noronha.
anchortweets,Vancouver,Mon Mar 07 18:56:19 +0000 2011,Figuring out our identity...  Stay Tuned. 
Ruchirdhall,White Rock BC,Wed Dec 09 21:24:32 +0000 2009,
zen_ByAdera,101-6628-120 Street; Surrey,Thu Feb 17 17:44:38 +0000 2011,zen at Salus; the final and most anticipated building in this international award-winning project. 99 premium; luxury apartment flats.
five15design,Dunedin; New Zealand,Mon Nov 10 09:35:02 +0000 2008,Cafeinated Hypermediated Leftist Designer with sad devotion to #EvertonFC & UK indie music. From ChCh/Dunedin. Loves Vancouver/London/Melrose
machado_pm,Vancouver; BC,Tue Mar 01 03:31:25 +0000 2011,Recently Graduated. Loves:  Traveling; Reading; Cooking; Photography; and Yoga!  
Jadyn,Vancouver; BC; Canada,Sat Sep 13 00:30:21 +0000 2008,
mapleridgealex,Maple Ridge; BC,Sun Feb 13 00:27:14 +0000 2011,Treasurer of @PMMLiberal; Chair of MR/PM BAC; Dir of Cycling BC; married to @VeloMomBC. See @alexpope_rando for cycling updates.
yasuhikoogushi,Vancouver; BC; Canada,Fri Feb 25 18:19:33 +0000 2011,Interest: cleantech; sustainable transportation; energy; environment; business; economy; technology; holistic view; and Chinese pop
contestpatti,Vancouver; BC,Sun Nov 07 20:51:09 +0000 2010,Contests & random stuff from my head;ex environmental economist;now non-profit ED; happy to be  ginger; eclectic mom of 5-2 with autism & 1 with cp
ggrraccee,,Sat Mar 28 06:43:54 +0000 2009,Soon to be marketing and sustainability grad at UBC. Likes to #OMNOMNOM and dragon boat.     Let's get social.
suavejavier,,Mon Jan 03 04:15:21 +0000 2011,
myhattricks,Vancouver,Sat Aug 07 21:45:56 +0000 2010,Got 5 minutes?  Help a great charity + Do 1 small thing for the environment + Inspire others.   http://myhattricks.org/blog/
SportMedBC,Vancouver; BC; Canada,Tue Jan 20 05:36:49 +0000 2009,Promoting Sport Health on the strength of the Best People; Best Practices and Best Programs in Sport Medicine; Sport Science and Sport Training
bsainsbury,Vancouver BC,Mon May 26 16:43:17 +0000 2008,Left Brain Marketing - Internet Marketing Specialist; personal online brands; social marketing tools - Facebook; Twitter; Linkedin; Local Marketing Vancouver 
chinaprettylady,Toronto,Thu Feb 24 05:52:07 +0000 2011, ♡. ♡. ♡ Dont Bother! Im who i am!  ♡••••►♡♡
kirky_D,Vancouver; BC,Sun Oct 18 01:01:02 +0000 2009,Structural EIT; soccer player; Sparks Guider; runner; snowboarder; geek; lover of books; food; the outdoors and much more.
PANVancouver,Vancouver; BC,Wed Feb 23 23:24:17 +0000 2011,Padestrian Advocacy Network - Supporting a walkable; vibrant & safe Vancouver
Jaime_Zee,Vancouver; Canada,Sun May 30 22:39:35 +0000 2010,Designer; Artist; Thinker. Inventor of new words (ie Squozen)
VanTransitFan,Vancouver; BC; Canada,Fri Feb 18 15:36:26 +0000 2011,I love public transit!    Stay connected with the Vancouver Transit Fan on:     facebook.com/VanTransitFan  youtube.com/VanTransitFan
AndrewLaiGS,Vancouver; BC,Thu Jan 27 23:39:31 +0000 2011,Advertising Rep at the Georgia Straight. Food Lover; Runner; Cyclist; Triathlete. Lions Gate Road Runner.
Prukes16,The West Coast,Mon Feb 14 06:52:26 +0000 2011,I took the road less traveled and still ended up here. How'd that happen?
violetsareblu3,,Wed Feb 16 09:52:45 +0000 2011,
MistaStop604,,Sun Feb 13 20:14:53 +0000 2011,a transiteer in the 604
earthgrazers,Vancouver; BC; Canada,Fri Jun 25 22:06:08 +0000 2010,
chronichronic,Vansterdam/C-Town,Mon Mar 16 15:10:10 +0000 2009,Traveling circus
PD_plumbing,North Vancouver; BC CANADA,Tue Feb 01 19:15:22 +0000 2011,Plumbing; Heating & Drainage Services. What would you think about a company that was created to give the best possible value to its clients and customers?
Ruisinthehouse,Earth,Sat Nov 13 02:26:58 +0000 2010,Concerned citizen of Earth;  Humanitarian;  Your brother.
keen9000,,Thu Jul 23 16:54:23 +0000 2009,
greenvfm,Vancouver; BC; Canada,Thu Jan 13 22:40:27 +0000 2011,Vancouver Farmers Markets: Green Market initiative.   Helping people buy local food in a more sustainable way.  Tweeting about conscientious shopping.
SpringLiving,Heritage Hall; Vancouver,Fri Jan 29 19:52:38 +0000 2010,This FREE EVENT on Sunday; April 1st has Cooking Shows; Live Music; Raffle prizes; and of course Earth-Loving Local Vendors Heritage Hall from 10:30am-3:30pm
marklister83,Burnaby,Sat Jun 19 23:19:28 +0000 2010,Technical writer; runner and aspiring Shiny Man
bchydro,,Fri Apr 03 17:37:43 +0000 2009,Official account for BC Hydro. News on prolonged power outages; projects; & more. For Power Smart; follow us @PowerSmartBC. Tweets by Digital Communications.
teachingtammy,Vancouver,Sat May 05 05:29:57 +0000 2007,Teacher; learner; globe trotter; wannabe techie; auntie to cutest baby girl ever; world's most amateur beginner triathlete; ex-expatriate but still exploring. 
Ashleeu,Vancouver,Mon Jan 11 18:20:25 +0000 2010,Searching for GOLD (Au)!  Specialize in Making Things Happen! Prefer black & white; not grey. Owner of a megaphone. I'll stop talking when you stop listening...
kernels1,,Sun Mar 08 19:49:14 +0000 2009,
CRPaul,Vancouver,Tue Sep 07 03:36:37 +0000 2010,Recent event management graduate; avid canuck fan; travel enthusiast and optimist 
icbc,North Vancouver; BC,Wed Jan 28 21:37:44 +0000 2009,The official ICBC account. Road-ready tweets from ICBC Senior Communications Specialist Karin Basaraba. Follow us for road safety; insurance & licensing tips.
samanthacraig15,,Wed Feb 02 03:20:01 +0000 2011,I am a BCIT Marketing Management- Marketing Communications student Class of 2012! 
GlobalBC,Vancouver; BC; Canada,Thu Feb 12 20:02:28 +0000 2009,Home of B.C.'s #1 news programming.   Shaw Cable 11; Shaw HD 211
vancouvertyler,North Vancouver; BC ,Tue Nov 24 19:00:51 +0000 2009,Marketing & Communications Professional in Vancouver BC - Social Media Geek; World Traveler; Recent BComm Grad; Roller Derby Masochist &  Boston Terrier Lover
kreaburn,Vancouver; BC; Canada,Sat Jan 22 18:21:32 +0000 2011,Loves the outdoors; enjoys transit rides & loves baseball on tv. Does curling & downhill skiing in the winter & softball and golf in the summer.
iheartcommuting,Vancouver,Fri Jan 21 19:30:25 +0000 2011,Chips is my choc lab. Who wouldn't like chocolate Chips?
GeofferyKehrig,Port Coquitlam,Tue Oct 06 05:27:20 +0000 2009,Parent_Teacher_Artist_Global Citizen 
Anne399,Vancouver; BC,Fri Jul 17 18:06:25 +0000 2009,a transplanted Kootenay-ite; living in Vancouver; BC for now; and I love travelling!  I own my home; am slave to one brat cat; and am engaged to a man I adore.
dcheungxo,,Sun Sep 12 05:52:48 +0000 2010,
AdamHyslop,Vancouver; BC,Mon Apr 27 03:01:37 +0000 2009,Planner; Urban Design Nerd; General Enthusiast
thanatos145,,Wed May 20 22:02:36 +0000 2009,
msteenywondrful,Vancouver,Tue Mar 30 21:37:21 +0000 2010,It's a book; I'm not THAT conceited. Don't Sass Me!
jason_baker,Vancouver; BC; Canada,Mon Nov 03 07:08:43 +0000 2008,Digital Strategist; Community Manager; & photographer. Socially imperfect traveler. Launching soon: The Imperfect Traveller. Sports tweets at @JBonCanucks
natashamgordon,Vancouver; BC,Fri Oct 15 00:06:42 +0000 2010,HR professional in Vancouver. Passionate about tech; wine; baking; and learning to cook. 
CharBoychuk,,Wed Jan 12 19:58:44 +0000 2011,
MichaelCHMui,Vancouver; B.C.,Wed Nov 03 18:16:48 +0000 2010,24 Hours Vancouver reporter
sarahloewen,Vancouver,Thu Apr 16 15:07:12 +0000 2009,Online Community Manager for TravelSmart. Can usually be found drinking coffee; riding a bike; and whistling a happy tune.
alexishinde,Vancouver,Fri Sep 26 19:30:24 +0000 2008,detail oriented; damn fine cook; mom; blogger; owner & designer at @chillmonkeys
chrismulvena,Vancouver; BC; Canada,Thu Aug 13 21:09:40 +0000 2009,
thefawnz,Vancouver; BC,Tue Mar 17 02:54:53 +0000 2009,The Fawnz Creative Communications - media relations; marketing communications; special events and sponsorship expertise in Vancouver; BC.  www.fawnzcreative.com
skytrainprez,Metro Vancouver,Mon Jan 03 17:48:10 +0000 2011,Pres and GM BCRTC responsible for operating SkyTrain and West Coast Express. Helping create a better place to live built on transportation excellence. 
bcbrit,Vancouver,Thu Jan 14 05:59:40 +0000 2010,A relocated Brit in BC; Canada. My take on local life as well as thoughts on news events; other blogs I read; music; tech; the usual suspects.
vancouver125,Vancouver,Thu Nov 11 03:03:35 +0000 2010,Celebrate Vancouver's 125th anniversary and year as a Cultural Capital of Canada in 2011. 
krisetches,Vancouver,Tue Jun 08 08:07:54 +0000 2010,Vancouver communications pro back from Asia and interested in a mix of sustainability services; community outreach; and marine; rail; and public transportation.
scottthran,Vancouver; Canada,Tue Jan 12 00:01:31 +0000 2010,The Managing Director of Metro Gnome Lawn and Garden in Vancouver; BC; Canada.  Recent UBC graduate with a B.A.; Philosophy / Political Science Combined major.
HumHam8,Canada,Mon Dec 20 02:57:03 +0000 2010,enabling others | education | integrity | lifelong learning | practical applications of psychology | laughing fits | asking why - a few of my favorite things.
burnabylife,Burnaby; BC,Mon Dec 13 01:59:27 +0000 2010,365 Days a Year. Each day is a new adventure!  I love cooking; traveling; hiking; dining out; photography and finding things to do in Burnaby.
RobynRenee,Vancouver; BC,Mon Nov 24 01:51:54 +0000 2008,
PJWDavidson,Vancouver BC,Sun Nov 07 17:01:05 +0000 2010,Communications/Blogger/Human-connector/Conservation-Ambassador/Volunteer/Canadian Guy
vancouverkelvin,Vancouver,Thu Mar 12 09:48:36 +0000 2009,urban & community planning policy engagement development design architecture ambience technology sustainability conservation heritage culture mental-health food
johnsois,Metro Vancouver; BC,Mon Dec 07 20:22:12 +0000 2009,-- website(s) coming soon --     Student; youth-worker and worship leader hanging out in Metro Van. Thinking about church culture and modern theology.
shandyrae,Vancouver; BC,Wed Mar 04 03:23:58 +0000 2009,Student Advisor for #uWaterloo co-op students in Western Canada & US. Interested in #yvr community; entertainment news & good eats. I love coffee & randomness.
TabulaaRasa,,Mon Oct 26 21:18:11 +0000 2009,SAFNK. enjoys satire; reading; craftster; ONTD; music mashups; origami; oxford commas; and  Konad nails
WestCoastWass,Vancouver,Wed Oct 06 23:17:28 +0000 2010,Marathon junkie; communications and English dork; all-around optimist. Seizing the moment; with an affinity towards peanut butter; sunshine and laughter.
thiscitylifeyvr,Vancouver; BC,Fri Oct 22 18:35:55 +0000 2010,Gov't PR/media advisor w/Masters in Urban Studies (tweets my own). Vancouver native. I love to play guitar & blog about cities: http://thiscitylife.tumblr.com 
GRHam55,British Columbia; Canada,Mon Aug 16 02:56:09 +0000 2010,I've worked in the software field for almost 30 years; now from the Quality side.
handyDARTdrvr,,Sat Jul 11 07:02:35 +0000 2009,
niftynotcool,Vancouver; BC; Canada,Sun Nov 28 23:56:50 +0000 2010,Smart as a whip and twice as fun! Cheerful pessimist by day; theatre artist; aerial silks enthusiast; and blogger by night. Total keener.
sefalsecreek,False Creek; Vancouver; BC,Mon Jan 11 20:53:40 +0000 2010,Events + News in Southeast False Creek (including the Olympic Village) from @604homesguy (Royal LePage Westside). Also on Facebook http://fb.com/sefalsecreek.
ptorrevillas,Vancouver; Canada,Tue Sep 14 03:03:47 +0000 2010,Reporter/photographer for Metro News Vancouver. Got an idea to share? phylicia.torrevillas(at)metronews.ca. Views are my own.
chiqee88,Global citizen,Fri Oct 02 02:18:16 +0000 2009,Love to live; travel; laugh; play; do & practice yoga. My tweets probably has errors; mostly due to ADD & my laziness to proofread. Yes; I am a horrible person.
ApresWheeler,Vancouver; BC,Tue Apr 14 00:19:45 +0000 2009,Passionate about Video Production & Social Media Marketing. Production for Hire; Field Reporter; Olympic Torch Relay Reporter; Lover of the Apres! 
JessWillyanto,Burnaby; Canada,Wed Feb 03 13:45:32 +0000 2010,Indonesian student living in Vancouver studying @SIAT_SFU & @SFUBeedie  
BranstonPhoto,Vancouver Canada,Sun Jul 18 00:46:18 +0000 2010,Photos; Food; Politics; Parkour. Tyler Branston Of Branston Photography Speaking his mind; and actions. For those of you that dig that.
wilsons618,Vancouver,Sun Aug 30 09:39:16 +0000 2009,3rd year #SFU Health Sciences student. #NHL #Canucks #BCLions. Origami Freak. Daydreamer. Tech junkie powered by #Android and coffee! (:
13peta,Canada,Thu Jun 24 03:35:44 +0000 2010,An Aussie currently living in Canada.
somanho1234,Vancouver; British Columbia,Sun Jan 31 06:28:04 +0000 2010,@SFUBeedie; @PMInstitute; @TheIIA
ecojackiejo,,Tue Nov 09 00:29:43 +0000 2010,livin' on purpose. dreamin' with passion. actin' on principle. tweetin' about the Arctic; sustainable tourism; community development; & stories that inspire
Vancouver_Adam,Vancouver,Sat Apr 11 18:58:14 +0000 2009,Transportation professional; cycling advocate; urban critic and future developer.   Never stop riding.
numbercrunchers,Surrey; BC,Mon May 04 19:54:10 +0000 2009,Number Crunchers® Financial Services helps inform people it’s not just about the taxes; we help you unlock the secrets that are hiding in your books.
jerallingham,Vancouver,Tue Nov 16 01:37:06 +0000 2010,My bands are 'Factories and Alleyways' & 'Like A Martyr'.  Work for CBC Radio.  Opinions/comments are awesome and mine only. 
bifnaked,Vancouver,Wed Oct 08 03:20:53 +0000 2008,International Recording Artist; Speaker; Lecturer; Advocate; Activist; Straight-Edger; Vegan; and TroubleMaker. 
SamsungHTC,vancouver,Sat Apr 25 02:56:41 +0000 2009,I like downtown vancouver; i like to eat drink jugo juice; i like to have fun at the beach.
iamsimplyrhoge,ÜT: 49.245989;-122.975968,Wed Jan 13 16:50:54 +0000 2010,iM jUz a giRL & tHat's aLL i wAnNa bE!
janeter_,Vancouver & Richmond; BC,Sat Sep 11 07:18:54 +0000 2010,Food; yoga; leisurely bike rides and sunshine keeps me happy.
brittmahe,,Sat Mar 14 02:25:34 +0000 2009,Kwantlen GDMA 2015
ah_bo,vancity 6o4,Tue Jan 26 05:03:38 +0000 2010,a cuddly panda that tweets & retweets anything he finds interesting :3 ~ technology nut; Google fan; pianist; gamer; business student; @tifffyy♥
theV3H,Port Moody; BC,Sat Mar 28 18:34:56 +0000 2009,All the best in news and events from the V3H postal code and the rest of the Tri-Cities; visit us at www.theV3H.com; maintained by @jstrocel
derrickcheung,Vancouver; BC Canada,Sun Mar 08 14:33:44 +0000 2009,
BCFerries,British Columbia,Thu Apr 15 21:04:23 +0000 2010,Your official Twitter source for BC Ferries news and announcements. 
VancouverFit,Vancouver; BC,Wed Jun 02 17:33:07 +0000 2010,Ideal Body Training offers personal training in a fully-equipped gym. We specialize on nutrition training; personal progressive programs
It_is_Dane,Brandon; Manitoba; Canada,Sun Mar 08 19:17:08 +0000 2009,Living the dream one day at a time in Canada's breadbasket. 
MileagePhoto,Delta; BC; Canada,Sun Oct 31 21:19:36 +0000 2010,I say what you're thinking.  Urban and Rural Transportation Planning student @langaracollege
McCreaPatrick,BC; Canada,Fri May 14 04:27:12 +0000 2010,A REALTOR® in Lower Mainland/BC I list your home for $3000 plus typical Buyer Agent Incentives Save you Thousands $$$ when Listing. Buying/Selling homes thx
darren_chung,,Sat Mar 14 09:10:00 +0000 2009,Transient btwn Van & Tdot.
vancity_vixen,Vancouver; BC,Fri Oct 08 21:19:32 +0000 2010,SFU Student. Health Science Major. Self Taught-Artist. Die-Hard Quebecoise. Love the #Canucks; #Habs and #BCLions. Wanna be model. I tweet alot. 
banikuh,ÜT: -8.810645;115.22847,Sun Sep 27 03:08:10 +0000 2009,MERAH HARGA MATI!!!
OuiEntertain,Vancouver; BC,Fri Oct 15 22:25:32 +0000 2010,Children's Activities; Events & Entertainment. Entertainers | Game Shows | Crafts | Characters & more. Events tailored to any location! info@ouientertain.com
andrealoewen,Vancouver; BC,Wed Apr 15 16:46:25 +0000 2009,Yoga \ Theatre \ Life
mitzdemeanor,Vancouver; BC,Mon May 04 16:25:15 +0000 2009,Everything in moderation; including moderation
SFUugsid,Vancouver; BC,Fri Sep 17 19:57:17 +0000 2010,SFU Undergraduate Semester in Dialogue is an intensive learning experience that uses dialogue to focus student education on a community issue every semester.
brodiesovereign,Vancouver,Sat Mar 13 22:01:22 +0000 2010,Cyclist; book-lover; gear-freak...who's very partial to homemade soup and a certain crafty feline nick-named 'the mini-panther.'
raulpacheco,Vancouver; BC; Canada,Mon Jul 14 20:54:16 +0000 2008,Teach; research & consult in environmental politics & public policy. President @hbstrategies; instructor @ University of British Columbia (UBC); PhD
candacekenn,Vancity,Fri Oct 01 17:30:49 +0000 2010,You can take the girl outa Texas; but you can't take Texas outa the girl. Loves the Canucks and oh yeah... the Cowboys. 
saramelodyy,Vancouver; BC,Mon Feb 08 07:59:15 +0000 2010,=)
VanBikeShow,Vancouver Convention Centre,Tue Jul 20 16:40:36 +0000 2010,BC's Ultimate Cycling Event to Kick-Off the Riding Season!    March 3 & 4; 2012
_nadir,Vancouver; BC,Fri Mar 13 17:45:38 +0000 2009,GDBA Student; BA Criminology; banker; political junkie; runner; tech junkie; foodie; blogger (sometimes); snowboarder; bookworm.
lizmorison,Vancouver; BC,Thu Sep 23 21:34:06 +0000 2010,morning show writer and weekend/night desk @GlobalBC ~typical Ontarian transplant ~avid shopper ~MinPin owner ~O.M.O.
myshal,Vancouver; Canada,Wed Jan 14 22:15:39 +0000 2009,1) reinventing myself; 2) foodie; 3) eclectic musical taste
bcbusiness,Vancouver; BC; Canada,Sat Jun 07 00:00:46 +0000 2008,Western Canada's most widely read business title. Winner: Best Web Editorial of 2011 (CSME). Tweets by Digital Editor Lindsey Peacock.
matsuma,Vancouver,Tue May 20 02:20:38 +0000 2008,change management specialist; communications consultant; bike junkie; insatiable foodie; advocate; westcoaster
StephenIrving,Vancouver; Canada,Wed Jan 21 07:57:31 +0000 2009,Communications Strategist....... CanCon; politics; culture; art; heritage; post-punk.
lackocreativity,Vancouver; BC,Sun Jan 24 09:36:01 +0000 2010,SFU political science; legal studies student with a penchant for fashion; photography and food. Voice behind Lack of Creativity. Co-founder of @SFU_TOMS.
FCV,,Thu Aug 28 21:38:21 +0000 2008,Award-winning interactive agency based in Canada.
MeghanRadomske,North Vancouver; BC,Sun Jul 12 04:57:28 +0000 2009,Librarian; runner; Vancouverite; cat-person; foodie; and bibliophile
a0wens,Burnaby,Wed Apr 14 08:33:43 +0000 2010,J-school graduate interested in community news & investigative journalism. Currently working @joeyrestaurants. 
jhartlo,Vancouver; BC,Sat Jul 31 19:29:57 +0000 2010,Corporate communicator that is currently dabbling in marketing at BC Hydro. Deep Cove dweller with Albertan roots. Mom of two young kids.  
itcaughtmyeye,Vancouver; Canada,Tue Aug 31 00:17:46 +0000 2010,west coast urban enthusiast seeks resilience and thrivability. food from your garden; a stable climate and a postcard from somewhere awesome would also work. 
Astra_PT,North Vancouver; BC,Tue Jun 15 06:18:43 +0000 2010,Project Coordinator w/BCGov; Marketing Asst. & Project Mgr w/ @JunctionYVR. All-round chameleon; hugger and generally the opposite of normal. 
pre_planner,Vancouver,Tue Sep 14 05:05:50 +0000 2010,25. Interested in Urban Planning; Transit; Politics; History; etc.     Starting at SFU's Urban Studies graduate program this January.     Also a big nerd. 
hierichmond,Richmond; BC; Canada,Tue Dec 29 03:25:05 +0000 2009,Holiday Inn Express & Suites NEW Hotel near YVR Vanc Airport BC Canada Free 24hr shuttle & Bkft buffet & parking & wifi 604-241-1830  great reviews#tripadvisor
ashley_3101,,Sun Jul 25 10:12:43 +0000 2010,simple; love to cook and nature things; 
WilloOWeeping,Vancouver; BC,Mon Dec 29 07:12:25 +0000 2008,Somewhat local Vancouverite with a love of music; photography; books & travelling. Employee of an independent book store chain located in the Lower Mainland.
jpiwowar,Vancouver; BC; Canada,Sat Sep 20 01:10:38 +0000 2008,Is: Husband; dad; traveler; cyclist; beersnob; pragmatist; word nerd; insanely lucky; PIT transplant to YVR. GeeksOn: Mac; Oracle; Linux; Virtualization.
eileen_chow,Vancouver; Canada,Mon May 25 09:11:47 +0000 2009,Living in raincity Vancouver; where it's always raining cats and Chloes. 
rachelzuccolin,Vancouver,Fri Jun 26 23:23:11 +0000 2009,
jess_sc,Vancouver BC,Tue Mar 10 18:39:03 +0000 2009,A little design; a little travel; and a little je-ne-sais-quoi. 
KidsUpFrontVan,Vancouver,Thu Dec 04 23:08:41 +0000 2008,Can't use your event tix? We'll take 'em! Kids Up Front provides access to recreational events for kids who otherwise wouldn't have the opportunity.
xhulk,Vancouver; Canada,Fri May 29 18:56:30 +0000 2009,Jelly
ByronFok,Vancity,Thu Oct 08 16:31:54 +0000 2009,Hockey; Volleyball; Music enthusiast who enjoys cooking. Just being me myself and I. 
furtney,Vancouver,Sun Mar 09 18:24:08 +0000 2008,ex professional walker
ToddPolich,Vancouver BC,Sat Jul 31 17:28:54 +0000 2010,I am blessed beyond words with an amazing wife and children. I do what I love in creating and giving as an artist and philanthropist. 
BottlelessVAN,Vancouver,Mon Jul 12 19:11:14 +0000 2010,Equipping Vancouver offices with an alternative water cooler solution that is completely bottleless; reducing unnecessary plastic and energy wastes. 
bccla,Vancouver; BC,Thu Feb 26 01:23:50 +0000 2009,BC Civil Liberties Association: Fighting for freedom since 1962.
bccycle,British Columbia; Canada,Wed May 12 06:47:11 +0000 2010,The British Columbia Cycling Coalition represents the interests of cyclists in BC.
vantransient,Vancouver; BC,Mon Aug 02 21:51:52 +0000 2010,tweeting the wacky and wonderful on transit in Vancouver; BC. created by @bfwriter and @thebasil.
VFVitalSigns,Vancouver; Canada,Fri Jan 15 18:04:47 +0000 2010,Vancouver Foundation's Vital Signs twitter is on hiatus. Thank you for all your support. For community information; please follow @VancouverFdn.
ZipcarVancouver,Vancouver; BC,Wed Apr 28 00:09:19 +0000 2010,A community of folks who’ve found out that car sharing beats the heck outta car rental or ownership. We’re tweeting from Zipcar Vancouver Mon-Fri 9am-5pm PST.
frankluba,ÜT: 49.284615;-123.109077,Tue Jun 29 22:47:26 +0000 2010,I'm interested in transportation; clean water and taking care of trash because it costs billion$ of dollars and involves millions of people. 
erindermer,Vancouver,Thu Oct 30 19:15:17 +0000 2008,self-proclaimed foodie; grammar zealot; dog fanatic; budding globetrotter; pro wine; word geek; corporate communications @translink 
KenHardie,Burnaby; BC,Tue Apr 03 20:33:54 +0000 2007,Director of Communication at TransLink - Metro Vancouver's road & transit authority; recovering broadcaster; collects vintage recordings; loves kids & creatures
bella_b,vancouver; bc,Sat Jul 12 23:35:09 +0000 2008,sustainable mba. manager at climate smart. language and tech nerd. connector. traveler. generous resource. sincere but sassy. born yank; now canuck.
CBCStephenQuinn,Vancouver ,Mon Apr 05 18:49:47 +0000 2010,Public Radio Host. Raising awareness.
MetroVanCycle,Metro Vancouver; BC,Tue Oct 27 01:42:53 +0000 2009,We're the Vancouver Area Cycling Coalition - Your Metro Vancouver Bike Advocates: making cycling an integral part of the transportation culture
CarpoolDotCA,Canada,Tue Jun 08 00:08:30 +0000 2010,We promote & facilitate carpooling in Canada - Calgary; Edmonton; Lethbridge; Fort McMurray; Regina; Saskatoon; Winnipeg; Kelowna; Vernon; Penticton and more.
thecarcoop,Vancouver; BC,Thu Apr 02 18:13:06 +0000 2009,Find us on our official Twitter page @modo_carcoop. See you there!
TeamHappyPlanet,Vancouver,Wed May 26 18:10:44 +0000 2010,Our Mission:  To astonish your taste buds; nourish your body and unite you with the best source of food and drink on this planet.
mikefarlane,North Delta,Fri Mar 13 03:53:31 +0000 2009,Professional drafter; wannabe brewer; proud supporter of CAMRA Vancouver. 
allen_jessica,Fredericton; NB,Sun Jun 06 22:45:36 +0000 2010,Communications professional; ukulele student and amateur cartoonist. Just moved Fredericton and loving it! 
perkinswill_VAN,Vancouver BC,Fri Dec 18 19:02:31 +0000 2009,Perkins+Will Canada is an integrated architecture; interiors; and planning firm.
seaforth100,Vancouver; BC; Canada,Thu Apr 08 22:33:46 +0000 2010,Celebrating Vancouver's storied infantry regiment; The Seaforth Highlanders of Canada; who celebrated their centenary in 2010. 
Jennerosity,Surrey; BC; Canada,Thu Feb 21 00:43:09 +0000 2008,I’m a blogging geek / writer / insurance broker / teacher; putting as much fun and happiness into life as I can
jennychia,,Thu Feb 11 17:02:42 +0000 2010,Am woman; foodie; traveler; yogi; fun organizer; shopaholic; and crafts enthusiast - hear me roar!  Secret to my soul is 80s; 90s; and ol skool references. =)
ljmabouttown,Vancouver; BC,Wed Aug 06 22:11:19 +0000 2008,how exactly did I end up in marketing?
argondaitaiwan,Burnaby; BC,Mon Jul 20 06:32:43 +0000 2009,
CC_Vancouver,Corporate Champions Vancouver,Tue Apr 20 00:18:49 +0000 2010,Building Workplace Teams; Promoting Health & Wellness & Connecting Organizations through the Power of Sport. Tweets by Sunny Pao (SP) and Andy Nguyen (AN). 
BestThingsBC,British Columbia; Canada,Thu Apr 22 01:32:14 +0000 2010,Tweeting and promoting all things British Columbia. Follow me if you love B.C.!
AirCareBC,Metro Vancouver & FVRD,Sat Dec 19 07:57:24 +0000 2009,The Vehicle Emissions Testing program for Metro Vancouver and the Fraser Valley.
SeniorLivingMag,British Columbia,Wed Jan 27 20:19:54 +0000 2010,Senior Living is an inspirational magazine; radio podcast and television show; profiling the lives and achievements of active seniors 
BCScrapIt,Vancouver; BC,Wed Apr 07 19:49:42 +0000 2010,We are a clean air initiative based in Lower Mainland British Columbia; working towards a more breathable British Columbia for everyone to enjoy
ksheresteboff,Vancouver,Fri Jul 17 03:48:36 +0000 2009,
HootWatch,Vancouver; Canada,Tue Jan 26 20:49:06 +0000 2010,Sharing news & reviews plus watching the interesting ways that Owls use HootSuite for social media campaigns. We're curious – so please tell us how you Hoot!
raincoaster,Vancouver,Thu Jul 24 08:37:54 +0000 2008,49 degrees latitude; 360 degrees attitude. Social Media consulting at http://raincoastermedia.com
TheBicycleValet,Metro Vancouver,Thu Mar 04 22:42:55 +0000 2010,The Bicycle Valet is like a coat check for bikes—people show up; hand over their bike to our attendants and receive a claim stub to pick up their bike later.
jonbreisnes,Vancouver; Canada,Sat Jul 12 23:41:00 +0000 2008,Home: Vancouver. Soul: Norway. Husband. Soon Father. Traveler; adventurer; lover of life. Taller half of @bella_b. Sarcastic; optimistic & a little nuts.
tamarabrooks,Vancouver; BC,Sat Jun 28 03:10:04 +0000 2008,Co-Owner of October 17 Media in Vancouver; BC. A digital marketing agency specializing in: Social Media; Web Design; Viral Marketing; SEO & PPC.
kirstenkt,Vancouver,Mon Apr 07 18:22:46 +0000 2008,Consultant working with business and government on strategies for web; mobile; social media  
missmylin,Vancouver; BC; Canada,Mon Jan 04 09:09:37 +0000 2010,Workaholic; optometric assisting guru; student; photo geek; kick-ass volunteer; all in 1 not-so-neat package
thenetworkhub,Vancouver; Canada,Thu Nov 20 22:54:57 +0000 2008,Coworking; Virtual Office; Mailbox Rental; Office Space Rental in Downtown Vancouver & New Westminster. Contact us at 604.767.8778 or swing by for a tour!
Scratcheee,,Sat Feb 06 03:38:58 +0000 2010,
kevinharding,coast salish territories,Sat Mar 01 19:14:14 +0000 2008,a student; amongst other things. contributor at www.politicsrespun.org. Tweets =/= opinion of employer; though wouldn't that be cool?
stephenphung,Vancouver,Tue Oct 16 00:29:31 +0000 2007,Designer @FCV
yoyomamadotca,Vancouver; Toronto & Online,Wed Nov 19 23:36:58 +0000 2008,Keeping Canadian mums on-the-go in the know with short hits of helpful; hip info sent to their inboxes. And now Twitter.
ctelford,Vancouver; BC,Tue Jul 03 17:51:52 +0000 2007,
daveohoots,Vancouver; BC,Wed Jan 20 19:39:01 +0000 2010,VP Community at HootSuite social media dashboard. I enjoy hot springs; crafting compelling content; politeness and nuance.
VanCityVilla,Vancouver,Wed Jun 10 16:09:05 +0000 2009,Vancouver Whitecaps; Canucks and Aston Villa Supporter. Views are personal and do not officially represent EA or the FIFA franchise.
Translink_fan,,Mon Apr 20 23:12:42 +0000 2009,Im into mass transit; photography; and hockey! twitter feed for translinkfanpictures.webs.com and myself! constant tweets of rage and such! can you handle it?
chelsetron,Vancouver,Sun Sep 13 22:02:30 +0000 2009,lover of good food; better beer; and bad television. I love words and hate whales.
TheresaLalonde,Vancouver BC,Wed Aug 05 15:26:26 +0000 2009,Reporter for CBC Vancouver on all platforms. Arctic-born. Well traveled. Love wide open spaces; old Bowie;and good stories. 
ctmagnus,iPhone: 51.296131; -116.963102,Fri Mar 23 03:56:31 +0000 2007,Currently doing computer support but looking to get into design. Not a fan of my own handwriting but quite possibly of yours. Internet; etc.
News1130radio,Vancouver,Wed Sep 02 21:25:55 +0000 2009,Vancouver's breaking news; traffic and weather station.
thetransitsite,ÜT: 49.209836;-122.941139,Thu Feb 04 02:08:08 +0000 2010,This is the Twitter-Feed for The Transit Site. Here you will find: updates; posts; Announcements or changes to my site or blog.
richsong,Surrey BC,Wed Sep 10 21:34:00 +0000 2008,
Phanyxx,Vancouver; BC; Canada,Sat Nov 29 20:51:22 +0000 2008,(Fā•nĭx). Partner + creative strategist at @GoPopcorn; creative director at Revolve Marketing; Flâneur. I ♥ Vancouver. Let's chat.
freetransit,everywhere,Fri Nov 27 00:46:22 +0000 2009,gathering information; sharing ideas & dreaming of better ways to design our communities and our world.  free public transportation and education for all!
auzziebluesky,Vancouver; BC,Thu Apr 16 16:40:23 +0000 2009,
Amuse_events,Vancouver; BC,Thu Feb 05 05:11:44 +0000 2009,Vancouver 's choice for event planning and production. We bring ppl together via events & social Media.We support @fiveholeforfood as feature charity for 2012
lucyp40,Vancouver; BC,Sun May 03 00:47:34 +0000 2009,Wishing people would embrace their um ... uniqueness 
jtliu,ÜT: 45.493016;-122.915616,Wed Oct 22 04:53:45 +0000 2008,Movie Critic needs a movie partner
jgarcha,,Sat Mar 07 16:45:27 +0000 2009,@SFU Student - Criminology and Psychology | Vegan | Cancer Fighter | Avid Volunteer | Figure Skater | Dancer | Exercise and Health Enthusiast
emital,,Sun Dec 28 18:38:45 +0000 2008,
npachal,Langley; BC; Canada,Sun Apr 05 20:09:39 +0000 2009,I working in Broadcasting and I live on transit!
jjbreakspear,Vancouver; BC; Canada,Thu Dec 04 22:35:30 +0000 2008,Executive Director of QMUNITY- BC's Queer Resource Centre- plugged in to politics; community & LGTB issues
heyrickie,Vancouver; Canada,Sun Nov 02 03:01:29 +0000 2008,Transit geek. Runner. Canucks fan-for-life. Doctor Who enthusiast. Accountant (unemployed). Music lover. Wannabe photographer. Armchair traveller. History buff.
lizzielou68,Canada,Sun Mar 29 04:53:57 +0000 2009,I know beans about caffeine
LauraWilby,Canada,Sat Jan 02 09:01:24 +0000 2010,
victorngo,Vancouver; Canada,Fri Dec 12 09:06:38 +0000 2008,Geography & Urban Studies student at UBC. Passionate about cities; community development and urban sustainability.
enniscath,Vancouver,Fri Mar 27 17:05:45 +0000 2009,Expat Brit; now Canadian; scientist / writer / editor / grant wrangler / project manager; beer snob; geek.     Politics! Sport! Music! Skiing! Kayaking! TEA!
BusShots,Surrey; BC,Sat May 23 06:26:31 +0000 2009,Sales guy; photographer; transit geek and a proud Surrey-ite!
lothwe,Vancouver,Sat Mar 14 04:09:03 +0000 2009,2nd year Sauder/UBC student. Canucks & Habs fan. IT Director for @EnterprizeCan. Gymnast of 16 yrs. Aspiring Web/Graphic Designer. Occasional Apple fangirl.
duckdeux,Vancouver; BC,Fri May 04 14:52:14 +0000 2007,By day: Manager of Training at ACT - Austism Community Training; ID; EdTech and user exp. By night: reading; whiskey; lover of fine cheese; art.
folkoasis,Vancouver; British Columbia,Fri Feb 13 03:36:22 +0000 2009,Folk Oasis is 2 hrs of kumbaya-free roots music; interviews & live sessions on CiTR-FM 101.9. Podcasts at citr.ca & iTunes. Travelling to New Zealand in April.
brando737,,Sat May 23 01:02:07 +0000 2009,
LaurelJohnston,Calgary; Alberta; Canada,Wed Jul 29 20:40:53 +0000 2009,PR Consultant specializing in corp communications/public engagement with interest in politics;media & tennis.Tweets don't reflect views of my clients or company
lojoyce1,British Columbia; Canada,Wed Apr 01 21:45:29 +0000 2009,Interests vary widely - from food - shopping; travel - current affairs; and social causes - technology.
pio07phga,Coquitlam; BC,Sun Jun 21 23:26:20 +0000 2009,Studying biology at SFU
amlalonde,Vancouver,Tue Sep 22 04:17:59 +0000 2009,
runismymantra,Somewhere,Tue Jun 16 17:23:24 +0000 2009,Marathoner; Celiac; Sporatic blogger and newly unemployed graduate student
the4thhorseman,49.194348;-122.79916,Thu Apr 23 06:43:50 +0000 2009,
Clippernolan,Vancouver & New Westminster BC,Tue May 06 22:10:40 +0000 2008,Vancouver blogger; social media enthusiast; music writer; and dad who also works in online marketing.
